round,time_start,time_end,lightweight_accuracy,heavyweight_accuracy,global_lightweight_accuracy,global_heavyweight_accuracy,lightweight_precision,heavyweight_precision,lightweight_recall,heavyweight_recall,lightweight_f1,heavyweight_f1,transfer_accuracy_light_to_heavy,transfer_accuracy_heavy_to_light,num_lightweight_samples,num_heavyweight_samples
1,0,5,0.5669444444444445,0.635,0.565,0.5825,0.5680345518532867,0.7208935609035784,0.98923152227117,0.5814977973568282,0.7216695595246879,0.6433877483362042,0.4141666666666667,0.4141666666666667,30,30
2,5,10,0.5616666666666666,0.7416666666666667,0.5641666666666667,0.5975,0.5655206431442062,0.7800510403501427,0.9823788546255506,0.7567302985805188,0.7178175601500679,0.7677598049164361,0.8333333333333334,0.8333333333333334,30,30
3,10,15,0.5494444444444445,0.7813888888888889,0.52,0.5691666666666667,0.5603524885034475,0.7564392250086319,0.9549681840430738,0.9060205580029367,0.706182325626603,0.8244130263772647,0.8375,0.8375,30,30
4,15,20,0.555,0.7858333333333333,0.5875,0.5658333333333333,0.5633075999024452,0.7635562473093583,0.9579050416054821,0.9011257953989231,0.7093219110612243,0.8265573522897086,0.8383333333333334,0.8383333333333334,30,30
5,20,25,0.5836111111111111,0.7630555555555555,0.5658333333333333,0.5758333333333333,0.5781149065034145,0.7814891156654702,0.990699951052374,0.8076358296622613,0.7300294140647733,0.7942684565855972,0.8366666666666667,0.8366666666666667,30,30
6,25,30,0.5952777777777779,0.7641666666666667,0.5783333333333334,0.5825,0.5860403383182574,0.7637498697031604,0.9833578071463535,0.8453255017131669,0.734253653897334,0.8023769044411245,0.9491666666666667,0.9491666666666667,30,30
7,30,35,0.5941666666666666,0.7563888888888889,0.5808333333333333,0.58,0.5898302529278605,0.7448630770091448,0.9466470876162506,0.8673519334312285,0.7264780506764722,0.8013930455848327,0.9541666666666667,0.9541666666666667,30,30
8,35,40,0.6141666666666666,0.7591666666666667,0.5683333333333334,0.585,0.6028608575332073,0.7495316995825739,0.9534997552618698,0.863925599608419,0.7381205290268431,0.8026273832214162,0.9333333333333333,0.9333333333333333,30,30
9,40,45,0.6225,0.7577777777777778,0.575,0.5758333333333333,0.610725112249826,0.7541845342399114,0.9417523250122368,0.8497307880567792,0.7402369984217968,0.7990212409716747,0.9558333333333333,0.9558333333333333,30,30
10,45,50,0.6124999999999999,0.7683333333333332,0.5783333333333334,0.5733333333333334,0.6099647896579127,0.7641221863166164,0.9021047479197258,0.8556045031815956,0.7268815440480415,0.8071623986664207,0.9516666666666667,0.9516666666666667,30,30
11,50,55,0.6211111111111111,0.7775,0.5741666666666667,0.5783333333333334,0.6165038462567884,0.7793822801382326,0.8967205090553109,0.8482623592755751,0.729938414113264,0.8121735267756426,0.9558333333333333,0.9558333333333333,30,30
12,55,60,0.6466666666666666,0.775,0.58,0.585,0.6302344713678317,0.7841771587310716,0.9255996084189917,0.8330885952031326,0.7491899886374211,0.8076145855468114,0.9516666666666667,0.9516666666666667,30,30
13,60,65,0.6461111111111112,0.7769444444444445,0.5791666666666667,0.59,0.6345645017239269,0.7824552927719307,0.9021047479197258,0.8414096916299559,0.7440301473475118,0.8105848142130058,0.9475,0.9475,30,30
14,65,70,0.6227777777777778,0.7808333333333333,0.595,0.5891666666666666,0.6266522071674222,0.7828140508202307,0.8458149779735683,0.8502202643171807,0.7190152103473517,0.8148838364815019,0.9258333333333333,0.9258333333333333,30,30
15,70,75,0.6533333333333333,0.7822222222222223,0.6,0.5975,0.6403874855472006,0.7997478524041742,0.9016152716593245,0.8228095937347039,0.7476269791397968,0.8108187814637641,0.9308333333333333,0.9308333333333333,30,30
16,75,80,0.6469444444444444,0.785,0.6066666666666667,0.6,0.6407731503277786,0.8094144486534406,0.8761625061184533,0.8139990210474792,0.7390747319014123,0.81140960369047,0.9366666666666666,0.9366666666666666,30,30
17,80,85,0.6316666666666667,0.7891666666666666,0.5825,0.615,0.6394598327237345,0.8182858772734184,0.8242780225159079,0.8105726872246697,0.7188547481935195,0.8139229308513073,0.8691666666666666,0.8691666666666666,30,30
18,85,90,0.6272222222222222,0.7827777777777777,0.5908333333333333,0.6075,0.6442087247460889,0.8054705424900317,0.788546255506608,0.8159569260890848,0.7079218457530777,0.8104460357585945,0.8233333333333334,0.8233333333333334,30,30
19,90,95,0.6705555555555556,0.7622222222222222,0.5733333333333334,0.565,0.6537315579551016,0.8373337472204163,0.9123837493881547,0.723935389133627,0.7596722194258345,0.7759957874102854,0.7016666666666667,0.7016666666666667,30,30
20,95,100,0.6355555555555555,0.7858333333333333,0.5716666666666667,0.5833333333333334,0.6535780860608053,0.8020976244365193,0.7870778267254037,0.8286833088595204,0.7122885339268947,0.8149925904653729,0.7233333333333334,0.7233333333333334,30,30
21,100,105,0.6536111111111111,0.7797222222222221,0.5825,0.5883333333333334,0.6576396094361158,0.8170843328924063,0.8350465002447381,0.7919725893294175,0.7342544819494469,0.8038440618307635,0.8175,0.8175,30,30
22,105,110,0.6519444444444445,0.7819444444444444,0.5975,0.6108333333333333,0.6585492039112756,0.8203939810981028,0.8237885462555066,0.7924620655898189,0.7302225413796214,0.8056423835124479,0.925,0.925,30,30
23,110,115,0.6508333333333334,0.7972222222222222,0.6091666666666666,0.6141666666666666,0.6588458372041166,0.8277907831914487,0.8184043073910915,0.8154674498286832,0.7284644350181108,0.8210399425969245,0.9266666666666666,0.9266666666666666,30,30
24,115,120,0.6605555555555557,0.7933333333333333,0.6116666666666667,0.6008333333333333,0.6629267218884894,0.8352884766072354,0.8365149290259423,0.7973568281938327,0.738199675196725,0.8149594972900777,0.9191666666666667,0.9191666666666667,30,30
25,120,125,0.6616666666666666,0.7944444444444444,0.5933333333333334,0.62,0.6702456627038805,0.8305008982242796,0.8139990210474792,0.8051884483602546,0.7334727335914111,0.8171500443788667,0.925,0.925,30,30
26,125,130,0.6766666666666666,0.7877777777777778,0.6141666666666666,0.6091666666666666,0.6747204209535745,0.8304112560672626,0.8453255017131669,0.7909936368086147,0.7491030884471602,0.8096491976975649,0.945,0.945,30,30
27,130,135,0.6944444444444443,0.7838888888888889,0.6166666666666667,0.605,0.6807050757594778,0.8376295966377642,0.8835046500244738,0.7733724914341654,0.7674224631993155,0.8033993414784755,0.94,0.94,30,30
28,135,140,0.6822222222222223,0.8022222222222223,0.6025,0.6225,0.6789188780593164,0.838404976014087,0.8472834067547724,0.8115516397454723,0.7527516242646867,0.8241541124805609,0.9383333333333334,0.9383333333333334,30,30
29,140,145,0.6852777777777778,0.8069444444444445,0.6008333333333333,0.6133333333333333,0.6834786140275283,0.8390380825289214,0.8404307391091533,0.8208516886930984,0.7529854289819758,0.8291833430791247,0.9608333333333333,0.9608333333333333,30,30
30,145,150,0.6969444444444445,0.7902777777777779,0.6166666666666667,0.6025,0.6884991139766011,0.8386230608919099,0.861478218306412,0.7856093979441997,0.764371889344027,0.8104759917312135,0.9641666666666666,0.9641666666666666,30,30
31,150,155,0.6983333333333333,0.7916666666666666,0.6091666666666666,0.61,0.6888997954069077,0.8405950093110328,0.8629466470876163,0.7856093979441997,0.7653035455732379,0.8114984063075336,0.9758333333333333,0.9758333333333333,30,30
32,155,160,0.6869444444444444,0.7952777777777778,0.6008333333333333,0.6141666666666666,0.6860985901991589,0.8402350430552025,0.8355359765051394,0.7934410181106216,0.752587114668762,0.8156070282383093,0.965,0.965,30,30
33,160,165,0.6897222222222222,0.7916666666666666,0.6016666666666667,0.61,0.6885908508800457,0.8442687585544729,0.8360254527655409,0.7797356828193833,0.7543190799639833,0.8102207737582137,0.9833333333333333,0.9833333333333333,30,30
34,165,170,0.6930555555555555,0.8011111111111111,0.5966666666666667,0.6083333333333333,0.6900950834857414,0.8896098954243156,0.8409202153695546,0.7415565345080765,0.7572775072029915,0.8071276788693348,0.9733333333333334,0.9733333333333334,30,30
35,170,175,0.6916666666666665,0.7994444444444445,0.5933333333333334,0.6041666666666666,0.6917676317007927,0.8943097269662089,0.8316201664219286,0.733235438081253,0.7544188674822735,0.8035149905306017,0.9808333333333333,0.9808333333333333,30,30
36,175,180,0.6947222222222221,0.7975,0.5908333333333333,0.5991666666666666,0.6944159429298665,0.896703144498011,0.8330885952031326,0.7268722466960352,0.7566511138173994,0.8005803308446683,0.985,0.985,30,30
37,180,185,0.6986111111111111,0.795,0.5916666666666667,0.5991666666666666,0.6982456937602972,0.8970935639975873,0.8340675477239353,0.7214880078316203,0.7593127190354014,0.7973121072183315,0.9825,0.9825,30,30
38,185,190,0.7027777777777778,0.7930555555555556,0.5925,0.5933333333333334,0.703521553419154,0.8988645842878881,0.8316201664219284,0.7161037689672051,0.761380265380111,0.7946982467683695,0.9841666666666666,0.9841666666666666,30,30
39,190,195,0.7038888888888889,0.7916666666666666,0.5891666666666666,0.5908333333333333,0.7060075840742672,0.898022613792104,0.8277043563387175,0.7141458639255996,0.7611972175209255,0.7930696638347805,0.985,0.985,30,30
40,195,200,0.7075,0.7947222222222222,0.5891666666666666,0.5933333333333334,0.7098489146152948,0.8987547204568482,0.8277043563387175,0.7195301027900148,0.7634411560941814,0.7968457195842701,0.9891666666666666,0.9891666666666666,30,30
41,200,205,0.71,0.7958333333333334,0.5925,0.5891666666666666,0.7119924979482244,0.8986723758936757,0.8291727851199218,0.7219774840920216,0.7653432246002483,0.7981711227591388,0.9816666666666667,0.9816666666666667,30,30
42,205,210,0.7144444444444443,0.793888888888889,0.5966666666666667,0.59,0.7168468928401937,0.8981015467155148,0.8291727851199217,0.7185511502692119,0.7681317375606828,0.7959297606969807,0.98,0.98,30,30
43,210,215,0.7158333333333333,0.7947222222222222,0.5925,0.5983333333333334,0.7185024160832354,0.8978929577395434,0.8286833088595204,0.7205090553108174,0.7688785079319144,0.7970081565534256,0.9858333333333333,0.9858333333333333,30,30
44,215,220,0.7188888888888888,0.7944444444444444,0.5958333333333333,0.5966666666666667,0.7221182254435902,0.8974344166112936,0.8281938325991188,0.7205090553108174,0.7707106127447534,0.7968329809306138,0.9891666666666666,0.9891666666666666,30,30
45,220,225,0.7213888888888889,0.7983333333333333,0.595,0.5975,0.7248794432189051,0.897241324832139,0.8286833088595204,0.7283406754772394,0.7724338903267793,0.8017041944393033,0.9908333333333333,0.9908333333333333,30,30
46,225,230,0.7227777777777776,0.7991666666666667,0.5975,0.5991666666666666,0.7267559095998694,0.8954097973528777,0.828193832599119,0.7317670093000489,0.7732636105357242,0.8031562351579576,0.9883333333333333,0.9883333333333333,30,30
47,230,235,0.726111111111111,0.7980555555555555,0.5966666666666667,0.6016666666666667,0.730516720385089,0.8942831389249601,0.8286833088595204,0.7307880567792462,0.7755150112190504,0.8021093925445227,0.9816666666666667,0.9816666666666667,30,30
48,235,240,0.7275,0.7975,0.5966666666666667,0.6041666666666666,0.7324724625487553,0.8924079944207032,0.8281938325991188,0.7317670093000489,0.7763224725409191,0.8018931342656964,0.9841666666666666,0.9841666666666666,30,30
49,240,245,0.7288888888888888,0.7988888888888889,0.5983333333333334,0.6058333333333333,0.7353834916811633,0.8939545806762164,0.8252569750367108,0.7327459618208517,0.7766031955010151,0.8032699882911983,0.9858333333333333,0.9858333333333333,30,30
50,245,250,0.7316666666666668,0.7994444444444445,0.6016666666666667,0.605,0.7408125806884142,0.8944829892895066,0.8213411649534997,0.733235438081253,0.7776774980506955,0.8039846042228264,0.9883333333333333,0.9883333333333333,30,30
51,250,255,0.7347222222222222,0.8013888888888889,0.6025,0.6033333333333334,0.7450470707002946,0.8949505073917777,0.8203622124326969,0.7366617719040627,0.7794828209823534,0.8063097225110655,0.9825,0.9825,30,30
52,255,260,0.7311111111111112,0.7980555555555555,0.5966666666666667,0.6075,0.7499708517047085,0.891931034896099,0.8007831620166422,0.733235438081253,0.7724729561865992,0.8032562848195033,0.9708333333333333,0.9708333333333333,30,30
53,260,265,0.7358333333333333,0.8011111111111111,0.6058333333333333,0.605,0.7592648238916485,0.8899814646057992,0.7958883994126285,0.7415565345080765,0.7745853083795202,0.8074045605563653,0.9775,0.9775,30,30
54,265,270,0.7458333333333332,0.791111111111111,0.6058333333333333,0.6075,0.7621111547912012,0.8492822504656227,0.8154674498286832,0.7723935389133628,0.7860058097313,0.8082558315624775,0.9833333333333333,0.9833333333333333,30,30
55,270,275,0.7466666666666667,0.7869444444444444,0.6033333333333334,0.6066666666666667,0.7627952222443793,0.848158760980631,0.8164464023494861,0.7650513950073421,0.7868151328415308,0.803725120315402,0.9816666666666667,0.9816666666666667,30,30
56,275,280,0.7502777777777778,0.7827777777777779,0.6025,0.6066666666666667,0.7641676482945585,0.8472838670844256,0.821830641213901,0.7572197748409201,0.7902809649426407,0.7990354482410421,0.9758333333333333,0.9758333333333333,30,30
57,280,285,0.7505555555555556,0.7827777777777779,0.6016666666666667,0.6075,0.7647187615302595,0.8488088775140893,0.8208516886930983,0.7552618697993146,0.7901979609343877,0.7985567241006404,0.9825,0.9825,30,30
58,285,290,0.7491666666666666,0.7866666666666666,0.6025,0.6075,0.7751961016424143,0.8501090082857207,0.7988252569750367,0.7616250611845325,0.784367939294898,0.8027768307877193,0.985,0.985,30,30
59,290,295,0.7472222222222222,0.7997222222222223,0.6,0.6066666666666667,0.7811524353685906,0.8920855357054638,0.7846304454233971,0.7361722956436613,0.7799416557186686,0.8053164659231257,0.9833333333333333,0.9833333333333333,30,30
60,295,300,0.7466666666666667,0.7988888888888889,0.6025,0.6041666666666666,0.7872249939254857,0.8933894763322939,0.7738619676945668,0.733235438081253,0.7771875420309547,0.8039478806489071,0.9816666666666667,0.9816666666666667,30,30
61,300,305,0.75,0.7972222222222222,0.5991666666666666,0.6091666666666666,0.7978562864241624,0.893165832396325,0.767498776309349,0.7302985805188449,0.7781686703869664,0.8016489870239344,0.9816666666666667,0.9816666666666667,30,30
62,305,310,0.7536111111111111,0.7955555555555556,0.6,0.605,0.8013530969821722,0.8945576317646928,0.7723935389133626,0.7254038179148311,0.7818758623804928,0.7992811230946023,0.975,0.975,30,30
63,310,315,0.7477777777777778,0.7966666666666665,0.6033333333333334,0.605,0.8060804736286634,0.8938425721267982,0.7537934410181105,0.7283406754772392,0.7732283317138192,0.8008211334021859,0.985,0.985,30,30
64,315,320,0.7461111111111111,0.7972222222222222,0.6025,0.6141666666666666,0.8072110515415035,0.8903759860077566,0.748898678414097,0.7332354380812531,0.7708708989989792,0.8023463199139078,0.9816666666666667,0.9816666666666667,30,30
65,320,325,0.7563888888888889,0.7994444444444445,0.6025,0.6166666666666667,0.8054613474815495,0.8930520474458663,0.7723935389133626,0.7347038668624571,0.7841774013725934,0.8044900863407584,0.9808333333333333,0.9808333333333333,30,30
66,325,330,0.7600000000000001,0.7869444444444444,0.6058333333333333,0.6133333333333333,0.8092909884458971,0.8524127542864152,0.7748409202153695,0.7586882036221244,0.7870241687661648,0.8022330402083838,0.9791666666666666,0.9791666666666666,30,30
67,330,335,0.7622222222222222,0.7966666666666667,0.6083333333333333,0.6158333333333333,0.814926653067122,0.8919860098442887,0.7728830151737641,0.7302985805188449,0.7876869909580497,0.8018937432407567,0.9791666666666666,0.9791666666666666,30,30
68,335,340,0.7483333333333334,0.7997222222222223,0.6058333333333333,0.6191666666666666,0.8210508148533707,0.8514166162572695,0.73568281938326,0.788546255506608,0.7689771176358334,0.8179809474381968,0.9816666666666667,0.9816666666666667,30,30
69,340,345,0.7544444444444444,0.8013888888888889,0.61,0.6166666666666667,0.8242683815015311,0.8527528527320801,0.7435144395496819,0.7905041605482134,0.7751979800977155,0.8194878998103503,0.9866666666666667,0.9866666666666667,30,30
70,345,350,0.7569444444444445,0.8191666666666667,0.6158333333333333,0.6141666666666666,0.824618470696568,0.8964592848254563,0.7479197258932943,0.7704356338717572,0.7782254675969495,0.8275477140592367,0.985,0.985,30,30
71,350,355,0.7669444444444444,0.8163888888888889,0.6125,0.6216666666666667,0.8259891153432831,0.8963987292434933,0.767498776309349,0.7650513950073421,0.7897800259436442,0.8243768792886397,0.9808333333333333,0.9808333333333333,30,30
72,355,360,0.7775,0.8091666666666666,0.6116666666666667,0.6216666666666667,0.8203837929386489,0.8963287484235187,0.7958883994126285,0.7508565834557023,0.803655620668735,0.8157787352669491,0.98,0.98,30,30
73,360,365,0.7761111111111111,0.8158333333333333,0.6158333333333333,0.6225,0.8204212861487704,0.8967468418270732,0.7919725893294176,0.7635829662261381,0.8017293049821816,0.8231123938271881,0.9833333333333333,0.9833333333333333,30,30
74,365,370,0.7780555555555555,0.8252777777777779,0.6133333333333333,0.6241666666666666,0.8190335466791884,0.8960024040628785,0.797846304454234,0.7831620166421929,0.8041751820732199,0.8345890913051272,0.9808333333333333,0.9808333333333333,30,30
75,370,375,0.7802777777777777,0.815,0.6125,0.62,0.817884023405013,0.8559307388683831,0.8042094958394518,0.8159569260890848,0.806905942380549,0.8341974813556857,0.9791666666666666,0.9791666666666666,30,30
76,375,380,0.7813888888888889,0.8161111111111111,0.6208333333333333,0.6158333333333333,0.8227247704897676,0.8551987372090436,0.8002936857562407,0.818893783651493,0.8071032533185433,0.8354893348022997,0.9833333333333333,0.9833333333333333,30,30
77,380,385,0.7819444444444444,0.8169444444444446,0.6125,0.6258333333333334,0.8215523781342636,0.8557230013391592,0.8027410670582477,0.8198727361722956,0.80802123242016,0.8362467489275599,0.9833333333333333,0.9833333333333333,30,30
78,385,390,0.7827777777777779,0.8186111111111111,0.6141666666666666,0.625,0.8213987419413775,0.8565160107293549,0.8046989720998532,0.821830641213901,0.8089187200879723,0.8377199788852208,0.9758333333333333,0.9758333333333333,30,30
79,390,395,0.7769444444444445,0.8333333333333334,0.6458333333333334,0.6175,0.8294493675500668,0.894136079624241,0.7826725403817916,0.8012726382770436,0.7993422778142235,0.8439907578268935,0.9533333333333334,0.9533333333333334,30,30
80,395,400,0.7802777777777777,0.8308333333333334,0.6141666666666666,0.705,0.827715227138608,0.8962952899388531,0.7924620655898189,0.7939304943710229,0.8038657683940055,0.8406770606688085,0.8941666666666667,0.8941666666666667,30,30
81,400,405,0.7786111111111111,0.8358333333333333,0.6241666666666666,0.6208333333333333,0.8303481508457043,0.8937757489219261,0.7851199216837984,0.8066568771414587,0.8013377086719348,0.8468550290093112,0.97,0.97,30,30
82,405,410,0.7852777777777776,0.8352777777777778,0.61,0.6175,0.8256290554705649,0.8973128994737897,0.8071463534018601,0.801762114537445,0.8098873285439208,0.8455943945145878,0.9725,0.9725,30,30
83,410,415,0.7836111111111111,0.835,0.6066666666666667,0.6166666666666667,0.8270887597675816,0.8971816253432626,0.801762114537445,0.8012726382770435,0.8079684736357508,0.8453101030957182,0.9833333333333333,0.9833333333333333,30,30
84,415,420,0.7797222222222221,0.8388888888888889,0.6141666666666666,0.615,0.8319173563684318,0.88525032113114,0.7856093979441997,0.8228095937347039,0.8022174225662825,0.8522589264881004,0.9791666666666666,0.9791666666666666,30,30
85,420,425,0.7844444444444445,0.8380555555555556,0.6133333333333333,0.6125,0.8325496930153456,0.8893298739005213,0.7949094468918257,0.8164464023494861,0.8075217658761312,0.8505647367514385,0.9858333333333333,0.9858333333333333,30,30
86,425,430,0.7816666666666667,0.8361111111111111,0.6066666666666667,0.6233333333333333,0.8321624251349281,0.8926732834038861,0.7890357317670094,0.808614782183064,0.8042464934031198,0.8475883971463133,0.975,0.975,30,30
87,430,435,0.7811111111111111,0.8191666666666667,0.6108333333333333,0.6175,0.8317616620321715,0.8548004430220445,0.7880567792462064,0.8257464512971121,0.8035093549982312,0.8387830861171048,0.9883333333333333,0.9883333333333333,30,30
88,435,440,0.7852777777777779,0.8302777777777778,0.6216666666666667,0.61,0.838203848072269,0.896013269253423,0.7890357317670094,0.7934410181106216,0.8066065963482977,0.8404353095898528,0.98,0.98,30,30
89,440,445,0.785,0.831111111111111,0.6116666666666667,0.6183333333333333,0.8413152697586073,0.8961966188913829,0.7836514929025942,0.7949094468918257,0.8052832734895001,0.8411997429892591,0.9883333333333333,0.9883333333333333,30,30
90,445,450,0.7880555555555556,0.8116666666666666,0.6125,0.6225,0.8425826805990435,0.8966854185310055,0.7895252080274107,0.7557513460597161,0.8083617829946061,0.8186147844256877,0.9783333333333334,0.9783333333333334,30,30
91,450,455,0.7888888888888889,0.8113888888888888,0.6125,0.6225,0.8429755850342552,0.8961432612576666,0.7905041605482134,0.7557513460597161,0.8092855613945158,0.8184680123037675,0.985,0.985,30,30
92,455,460,0.7941666666666666,0.8208333333333334,0.615,0.615,0.8371251781352275,0.8967613429526425,0.8061674008810572,0.7738619676945668,0.817070391092026,0.8293143026492106,0.9883333333333333,0.9883333333333333,30,30
93,460,465,0.7958333333333334,0.8116666666666666,0.6191666666666666,0.615,0.8387112353624263,0.8577639518716892,0.8071463534018601,0.8061674008810572,0.8183918367107804,0.8297702039729229,0.9841666666666666,0.9841666666666666,30,30
94,465,470,0.7969444444444443,0.8136111111111112,0.6075,0.6208333333333333,0.8397234010234472,0.8573127179098057,0.8076358296622613,0.811062163485071,0.8192640288429218,0.8320295896740119,0.98,0.98,30,30
95,470,475,0.7913888888888888,0.8161111111111111,0.6133333333333333,0.6158333333333333,0.8499366704771719,0.8561517601368717,0.7846304454233969,0.8179148311306902,0.8095172962130678,0.8350804845326806,0.9858333333333333,0.9858333333333333,30,30
96,475,480,0.7888888888888889,0.8194444444444445,0.6225,0.6116666666666667,0.8504568749676037,0.8564283203206359,0.7787567302985806,0.824278022515908,0.8066680667712474,0.8387434653518477,0.9808333333333333,0.9808333333333333,30,30
97,480,485,0.791111111111111,0.8216666666666667,0.6166666666666667,0.6225,0.8514965603077419,0.8598494673338188,0.7816935878609886,0.8237885462555066,0.8089314092782498,0.8401625296347084,0.9791666666666666,0.9791666666666666,30,30
98,485,490,0.7908333333333334,0.8241666666666667,0.6191666666666666,0.6258333333333334,0.8513154435893169,0.8617932621887424,0.7816935878609886,0.8267254038179148,0.8088169276062303,0.842529621494727,0.9766666666666667,0.9766666666666667,30,30
99,490,495,0.7905555555555556,0.8288888888888889,0.62,0.6208333333333333,0.8550725166908494,0.8628148365428089,0.7753303964757708,0.8350465002447381,0.8074305619427271,0.847480630533734,0.9808333333333333,0.9808333333333333,30,30
100,495,500,0.7916666666666666,0.8258333333333333,0.62,0.6183333333333333,0.8561001681013504,0.8644407050188393,0.7758198727361724,0.8262359275575134,0.8082819895462237,0.8436019446528275,0.9833333333333333,0.9833333333333333,30,30
101,500,505,0.7925,0.8352777777777778,0.6241666666666666,0.63,0.8576282808434709,0.906077010705058,0.7758198727361724,0.7929515418502202,0.8088114109981225,0.8441821538474663,0.9891666666666666,0.9891666666666666,30,30
102,505,510,0.7952777777777778,0.8247222222222222,0.6233333333333333,0.6316666666666667,0.8560642728956993,0.9082900581135559,0.7836514929025942,0.7699461576113559,0.812139438698034,0.83178447411852,0.98,0.98,30,30
103,510,515,0.7941666666666666,0.8125,0.6208333333333333,0.6425,0.853496846383925,0.8654373775047727,0.7846304454233971,0.7963778756730299,0.8114629679781987,0.828395317325687,0.9733333333333334,0.9733333333333334,30,30
104,515,520,0.7930555555555555,0.8236111111111111,0.6133333333333333,0.7375,0.8561266061088125,0.9085246735859945,0.7787567302985806,0.767498776309349,0.8096733523714329,0.8302429566150633,0.8425,0.8425,30,30
105,520,525,0.7925,0.8122222222222222,0.6866666666666666,0.6191666666666666,0.8600530975384574,0.864923129999643,0.7709251101321586,0.7963778756730299,0.8076564485717328,0.8282855193107063,0.7625,0.7625,30,30
106,525,530,0.8047222222222222,0.8197222222222221,0.6008333333333333,0.6283333333333333,0.8481583835242413,0.9127902855566011,0.811062163485071,0.7552618697993148,0.8253621867536634,0.8248110451239942,0.6091666666666666,0.6091666666666666,30,30
107,530,535,0.7813888888888889,0.8419444444444445,0.6141666666666666,0.6158333333333333,0.8923463019538764,0.8392998457182119,0.7077826725403819,0.8962310327949096,0.783511882030887,0.8663036941856052,0.5266666666666666,0.5266666666666666,30,30
108,535,540,0.8302777777777779,0.8013888888888889,0.6108333333333333,0.6125,0.8534735689147454,0.9096034269853238,0.8585413607440039,0.7224669603524229,0.8515177115988258,0.8045251571046594,0.5683333333333334,0.5683333333333334,30,30
109,540,545,0.8155555555555556,0.8141666666666666,0.6441666666666667,0.6616666666666666,0.8819541692894575,0.9009271750507178,0.7890357317670094,0.756730298580519,0.8280879287468325,0.8211412361735778,0.9175,0.9175,30,30
110,545,550,0.7925,0.8319444444444445,0.6166666666666667,0.6525,0.8921914586962969,0.8626660066919861,0.7268722466960353,0.8409202153695546,0.7972547105835129,0.8507091011152278,0.6591666666666667,0.6591666666666667,30,30
111,550,555,0.8111111111111112,0.7813888888888889,0.6241666666666666,0.6208333333333333,0.8662697487697487,0.9386936696132526,0.7953989231522272,0.6583455702398434,0.8255088479704819,0.7716693059367886,0.9433333333333334,0.9433333333333334,30,30
112,555,560,0.8105555555555556,0.7769444444444443,0.6391666666666667,0.6191666666666666,0.8398877278179827,0.9272681589689599,0.8281938325991188,0.6612824278022517,0.8313052856572344,0.7676155217493871,0.9066666666666666,0.9066666666666666,30,30
113,560,565,0.7944444444444444,0.793888888888889,0.63,0.6333333333333333,0.8407585176819506,0.9072436059821968,0.7914831130690162,0.7102300538423886,0.8130857831289594,0.793762760942081,0.955,0.955,30,30
114,565,570,0.7802777777777777,0.8163888888888889,0.6075,0.6375,0.8535253197792322,0.9102426659835278,0.7459618208516887,0.7513460597161038,0.7916642735381695,0.8203043691233901,0.9583333333333334,0.9583333333333334,30,30
115,570,575,0.7847222222222223,0.8058333333333333,0.615,0.6283333333333333,0.860165603100894,0.908218090640565,0.7469407733724914,0.7327459618208517,0.7950597809737676,0.8077826664252422,0.965,0.965,30,30
116,575,580,0.8000000000000002,0.7969444444444446,0.6241666666666666,0.6083333333333333,0.8596524347103305,0.9092246718325582,0.7787567302985806,0.7141458639255994,0.8136661030628561,0.7968057642158676,0.9608333333333333,0.9608333333333333,30,30
117,580,585,0.7977777777777778,0.7988888888888889,0.625,0.6208333333333333,0.8636040551512728,0.9087529720741907,0.7699461576113559,0.7185511502692119,0.8104070146049148,0.799180722885005,0.9658333333333333,0.9658333333333333,30,30
118,585,590,0.7897222222222222,0.8069444444444445,0.615,0.6266666666666667,0.8656497230034379,0.9072246714862128,0.750367107195301,0.7361722956436614,0.799718607339068,0.8094828194004297,0.9783333333333334,0.9783333333333334,30,30
119,590,595,0.7861111111111111,0.8125,0.6166666666666667,0.6233333333333333,0.8655890188640306,0.907354787234809,0.7430249632892805,0.7469407733724914,0.7950302356322868,0.8164144045868195,0.9766666666666667,0.9766666666666667,30,30
120,595,600,0.7927777777777778,0.8125,0.6225,0.6208333333333333,0.8663166403776733,0.9100101371382667,0.7557513460597161,0.7440039158100831,0.8033474179971932,0.8161656239909602,0.9783333333333334,0.9783333333333334,30,30
121,600,605,0.7949999999999999,0.8130555555555556,0.6233333333333333,0.6191666666666666,0.8634568582221777,0.9093825899770772,0.7635829662261381,0.7459618208516887,0.806769624919255,0.8171731163201512,0.9758333333333333,0.9758333333333333,30,30
122,605,610,0.7941666666666666,0.8163888888888889,0.6183333333333333,0.6241666666666666,0.8708325111235232,0.9087068659616998,0.7537934410181105,0.7533039647577092,0.8034223084959481,0.8213151579554253,0.9791666666666666,0.9791666666666666,30,30
123,610,615,0.7930555555555556,0.8038888888888889,0.6225,0.6233333333333333,0.8708955758836575,0.8635281746858027,0.7513460597161038,0.7807146353401859,0.801978221672345,0.8189933119128954,0.9808333333333333,0.9808333333333333,30,30
124,615,620,0.7941666666666666,0.8033333333333332,0.6233333333333333,0.6233333333333333,0.8685553301607053,0.8630704140940767,0.7557513460597161,0.7802251590797846,0.8039670469419468,0.8185169979810292,0.9816666666666667,0.9816666666666667,30,30
125,620,625,0.7877777777777778,0.8041666666666667,0.6191666666666666,0.6225,0.8671358148170731,0.8627144693831171,0.7444933920704845,0.7826725403817915,0.7969415478690748,0.819661060723714,0.9816666666666667,0.9816666666666667,30,30
126,625,630,0.7866666666666666,0.805,0.6183333333333333,0.6258333333333334,0.8663184677533006,0.8627020354466536,0.7430249632892805,0.7846304454233969,0.7962063687300972,0.8207064342110798,0.9858333333333333,0.9858333333333333,30,30
127,630,635,0.788611111111111,0.8044444444444444,0.6233333333333333,0.6241666666666666,0.8667751730841577,0.8626035437611718,0.74645129711209,0.7836514929025942,0.7988020043045309,0.8200749960607506,0.9875,0.9875,30,30
128,635,640,0.791111111111111,0.8044444444444445,0.6233333333333333,0.6275,0.8688239148075053,0.8609994520125239,0.748898678414097,0.7856093979441997,0.8009006136594383,0.8204400682729981,0.9858333333333333,0.9858333333333333,30,30
129,640,645,0.7969444444444443,0.805,0.6241666666666666,0.6258333333333334,0.8701154731437217,0.8617245439140864,0.759667156142927,0.7856093979441997,0.8073276708870664,0.820830840978243,0.9883333333333333,0.9883333333333333,30,30
130,645,650,0.7975,0.8052777777777779,0.6258333333333334,0.6291666666666667,0.8710081605031679,0.8623450137394482,0.759667156142927,0.7851199216837984,0.8075881034686923,0.8209143669133342,0.9883333333333333,0.9883333333333333,30,30
131,650,655,0.7949999999999999,0.8052777777777776,0.6275,0.6291666666666667,0.8850109824636833,0.863522480426942,0.7415565345080765,0.7831620166421929,0.7996915117933782,0.8204860856960732,0.99,0.99,30,30
132,655,660,0.7858333333333333,0.806111111111111,0.6233333333333333,0.6283333333333333,0.8844828214246095,0.8811534409335188,0.723935389133627,0.7630934899657366,0.7889250660105495,0.8169115511943986,0.9866666666666667,0.9866666666666667,30,30
133,660,665,0.7958333333333334,0.8277777777777778,0.6225,0.63,0.8783562533645024,0.9366729543550942,0.748898678414097,0.7484092021536956,0.8032708309168292,0.8287625303086537,0.9875,0.9875,30,30
134,665,670,0.7911111111111112,0.8277777777777778,0.6275,0.63,0.8838382600698989,0.9342236318418684,0.734703866862457,0.7508565834557025,0.795739401182782,0.8289263838146068,0.9825,0.9825,30,30
135,670,675,0.8013888888888889,0.8216666666666667,0.625,0.6291666666666667,0.8794027096595337,0.9333251511015442,0.7586882036221243,0.7400881057268722,0.8098101483940489,0.8220032732661466,0.9825,0.9825,30,30
136,675,680,0.8011111111111111,0.8141666666666666,0.6283333333333333,0.625,0.8747335580672364,0.9348417834980777,0.7621145374449338,0.7244248653940284,0.8103792786081341,0.8129247622979542,0.9866666666666667,0.9866666666666667,30,30
137,680,685,0.7861111111111111,0.8183333333333334,0.6283333333333333,0.6258333333333334,0.885065465331417,0.9354742287180676,0.7229564366128244,0.7317670093000489,0.7891176577028262,0.8175744156456134,0.9825,0.9825,30,30
138,685,690,0.7852777777777779,0.8250000000000001,0.6216666666666667,0.6316666666666667,0.8949131926514968,0.9364309764309765,0.7121879588839941,0.7435144395496819,0.7852928677068522,0.8252488184889207,0.98,0.98,30,30
139,690,695,0.8033333333333333,0.8208333333333333,0.6266666666666667,0.6266666666666667,0.8812904706732009,0.9358200063168803,0.7601566324033283,0.7361722956436613,0.8116009687034277,0.8205586176621139,0.985,0.985,30,30
140,695,700,0.7994444444444445,0.8197222222222221,0.6258333333333334,0.6258333333333334,0.8892809681745083,0.9350880190984637,0.744982868330886,0.7347038668624571,0.804491312555696,0.8197123314698062,0.985,0.985,30,30
141,700,705,0.7883333333333334,0.8133333333333334,0.6233333333333333,0.6275,0.8979673781131416,0.9404767267675066,0.7151248164464024,0.7180616740088106,0.7882090054799032,0.8111728345992749,0.9841666666666666,0.9841666666666666,30,30
142,705,710,0.7866666666666666,0.8172222222222222,0.6233333333333333,0.6275,0.8908632966603981,0.9444720957982398,0.7180616740088106,0.7209985315712188,0.7878918106489223,0.8160989599423728,0.9875,0.9875,30,30
143,710,715,0.7852777777777776,0.8236111111111111,0.6175,0.6275,0.9008860733694664,0.9198798345026086,0.7063142437591777,0.7557513460597161,0.7835441163157544,0.828293537348317,0.9833333333333333,0.9833333333333333,30,30
144,715,720,0.7877777777777778,0.8169444444444444,0.6241666666666666,0.6191666666666666,0.8922801207510996,0.9205163472673581,0.7185511502692119,0.7420460107684778,0.789013701319646,0.8206252324910741,0.9833333333333333,0.9833333333333333,30,30
145,720,725,0.7880555555555556,0.8219444444444445,0.6241666666666666,0.6275,0.8923718584848152,0.9456431736086093,0.7190406265296133,0.7288301517376407,0.7891888458918884,0.8215443076358185,0.9866666666666667,0.9866666666666667,30,30
146,725,730,0.7863888888888889,0.8122222222222222,0.6208333333333333,0.6166666666666667,0.8984661269423393,0.9452816330241426,0.7107195301027899,0.7107195301027901,0.7856636883798261,0.8106673392315201,0.9791666666666666,0.9791666666666666,30,30
147,730,735,0.7855555555555555,0.8208333333333333,0.6125,0.63,0.8986642881155992,0.9192037666433976,0.7087616250611845,0.7508565834557025,0.7844211459950006,0.8257051498447381,0.9791666666666666,0.9791666666666666,30,30
148,735,740,0.7897222222222222,0.8180555555555555,0.6208333333333333,0.6133333333333333,0.8920867906209023,0.9186971363327006,0.7229564366128244,0.7459618208516887,0.791313248380201,0.822716447728895,0.9758333333333333,0.9758333333333333,30,30
149,740,745,0.7877777777777778,0.8161111111111111,0.6191666666666666,0.6133333333333333,0.8998515650559732,0.9474628994583608,0.7116984826235928,0.7161037689672051,0.7867875347320789,0.8151335680418511,0.9808333333333333,0.9808333333333333,30,30
150,745,750,0.7891666666666666,0.8041666666666667,0.6158333333333333,0.6258333333333334,0.8960104323385534,0.9386128567687876,0.7175721977484092,0.7009300048947625,0.7899376079552441,0.8022631604154385,0.9833333333333333,0.9833333333333333,30,30
151,750,755,0.7908333333333334,0.7975,0.6191666666666666,0.6116666666666667,0.8917660150624037,0.8966133311690462,0.725403817914831,0.7347038668624571,0.7930913495963403,0.8048131770664017,0.9775,0.9775,30,30
152,755,760,0.7902777777777779,0.805,0.6133333333333333,0.6216666666666667,0.8919838246014608,0.8820774565860136,0.723935389133627,0.7670093000489476,0.7923125880922134,0.8173739906511921,0.9883333333333333,0.9883333333333333,30,30
153,760,765,0.7888888888888889,0.8069444444444445,0.6183333333333333,0.6191666666666666,0.8977735304336276,0.8742108564936165,0.7165932452276064,0.7787567302985806,0.7890834721106081,0.8211124066851622,0.9858333333333333,0.9858333333333333,30,30
154,765,770,0.7927777777777777,0.803611111111111,0.62,0.6175,0.8916134011481075,0.8719596097868623,0.7298091042584435,0.7748409202153695,0.7952779766703406,0.817683633497685,0.9858333333333333,0.9858333333333333,30,30
155,770,775,0.79,0.8061111111111111,0.6183333333333333,0.6233333333333333,0.8909361533525998,0.8722387925656037,0.7249143416544298,0.7797356828193832,0.7921477680620077,0.820566834557392,0.985,0.985,30,30
156,775,780,0.7894444444444444,0.81,0.6191666666666666,0.615,0.8912623741252773,0.8733028796478957,0.7234459128732257,0.7865883504650024,0.7915304561652077,0.824850261352808,0.9858333333333333,0.9858333333333333,30,30
157,780,785,0.7913888888888888,0.8119444444444444,0.62,0.6183333333333333,0.8917552255828834,0.8719227328470773,0.7268722466960352,0.7914831130690162,0.7936289524426422,0.8273171000911859,0.9833333333333333,0.9833333333333333,30,30
158,785,790,0.7894444444444444,0.8066666666666666,0.6175,0.6258333333333334,0.8919597071480797,0.8905511647778779,0.7224669603524229,0.7591776798825256,0.7912346609157469,0.8173625767060401,0.9866666666666667,0.9866666666666667,30,30
159,790,795,0.79,0.7972222222222222,0.6191666666666666,0.6166666666666667,0.8920729684543011,0.8881142116114401,0.7234459128732257,0.7440039158100832,0.791999339418307,0.806989962379762,0.9875,0.9875,30,30
160,795,800,0.7916666666666666,0.7944444444444444,0.6191666666666666,0.625,0.8918479748221128,0.8875538402550981,0.7273617229564366,0.7391091532060695,0.7938578253732903,0.8036822109901438,0.9858333333333333,0.9858333333333333,30,30
161,800,805,0.7927777777777778,0.7947222222222222,0.6208333333333333,0.615,0.8921288460741333,0.8893564086172221,0.7293196279980422,0.737151248164464,0.7950104651134363,0.8034314571134543,0.9875,0.9875,30,30
162,805,810,0.7908333333333334,0.7977777777777777,0.6158333333333333,0.6266666666666667,0.8916233580678462,0.8900331422965263,0.7258932941752326,0.7425354870288792,0.7929694505034318,0.8070004647212473,0.9841666666666666,0.9841666666666666,30,30
163,810,815,0.7913888888888888,0.7958333333333334,0.6183333333333333,0.6233333333333333,0.8917738771191109,0.890027267505563,0.7268722466960352,0.7381302006852669,0.7935240595075898,0.8045765443137124,0.985,0.985,30,30
164,815,820,0.7936111111111112,0.7936111111111112,0.6233333333333333,0.62,0.8941316039228093,0.8908930413848446,0.7283406754772394,0.7327459618208517,0.7955538890883121,0.8016589197845857,0.985,0.985,30,30
165,820,825,0.7936111111111112,0.8141666666666666,0.6175,0.625,0.8954856584636759,0.8727297331438794,0.7268722466960352,0.7939304943710231,0.7951119588452024,0.8295563947592995,0.9858333333333333,0.9858333333333333,30,30
166,825,830,0.7930555555555555,0.8169444444444446,0.6183333333333333,0.6258333333333334,0.8953403201888412,0.8730772212305312,0.7258932941752324,0.7988252569750367,0.7945576445024246,0.8325734857147326,0.9858333333333333,0.9858333333333333,30,30
167,830,835,0.7958333333333334,0.8138888888888888,0.6258333333333334,0.6225,0.8953860496999347,0.872870205025713,0.7317670093000489,0.7929515418502202,0.7984548010638107,0.8291249630872274,0.99,0.99,30,30
168,835,840,0.8013888888888889,0.8247222222222222,0.6241666666666666,0.6258333333333334,0.8859910931749955,0.914704219542588,0.750367107195301,0.7626040137053353,0.8081683977840971,0.8311734535097454,0.99,0.99,30,30
169,840,845,0.8027777777777777,0.8238888888888889,0.625,0.6241666666666666,0.887530231928717,0.9166113892886035,0.7513460597161038,0.7591776798825257,0.8093042231302491,0.829721610049479,0.9908333333333333,0.9908333333333333,30,30
170,845,850,0.8044444444444444,0.8263888888888888,0.62,0.6275,0.8889739991016606,0.9165149449745508,0.7528144884973079,0.7640724424865395,0.8107766679904912,0.8327405546977479,0.9908333333333333,0.9908333333333333,30,30
171,850,855,0.8072222222222223,0.8233333333333333,0.6241666666666666,0.6208333333333333,0.8889456504719946,0.91805329058983,0.7586882036221244,0.756730298580519,0.8140970815016194,0.8289970470298339,0.9833333333333333,0.9833333333333333,30,30
172,855,860,0.8069444444444445,0.8352777777777778,0.6225,0.6216666666666667,0.8895604499225432,0.9226378210678975,0.7572197748409201,0.7758198727361724,0.813490499412885,0.8417313149361026,0.9875,0.9875,30,30
173,860,865,0.8088888888888889,0.8255555555555555,0.6216666666666667,0.6225,0.8970965847075476,0.9369643437121549,0.7537934410181107,0.7430249632892805,0.8138193348485337,0.8278056381923785,0.9858333333333333,0.9858333333333333,30,30
174,865,870,0.8161111111111111,0.8138888888888888,0.6225,0.62,0.8886207085482457,0.9464246300695667,0.7758198727361724,0.7126774351443954,0.8252071410067954,0.8125287462392482,0.9775,0.9775,30,30
175,870,875,0.8041666666666666,0.8427777777777777,0.6133333333333333,0.6283333333333333,0.9005491728977266,0.9304759994132518,0.7405775819872736,0.7826725403817915,0.807729450466914,0.8476899308257854,0.98,0.98,30,30
176,875,880,0.8075000000000001,0.8233333333333333,0.6241666666666666,0.62,0.8945187460760478,0.9392886343830554,0.7528144884973079,0.7366617719040626,0.8135398357691012,0.8248708905845202,0.9908333333333333,0.9908333333333333,30,30
177,880,885,0.8222222222222223,0.8102777777777778,0.625,0.6075,0.884677916076526,0.9460278785106985,0.7914831130690162,0.7063142437591777,0.8333808771233896,0.8083689082655429,0.9741666666666666,0.9741666666666666,30,30
178,885,890,0.8186111111111112,0.8325,0.615,0.6241666666666666,0.8906544143739836,0.9362218731876725,0.7777777777777778,0.7572197748409203,0.8278716820105814,0.836035046613965,0.9875,0.9875,30,30
179,890,895,0.8058333333333333,0.8177777777777777,0.6241666666666666,0.62,0.8955654832369727,0.9398534798534799,0.7479197258932943,0.7263827704356339,0.8110154060900553,0.8176601689785,0.9791666666666666,0.9791666666666666,30,30
180,895,900,0.8172222222222222,0.8222222222222223,0.6183333333333333,0.6191666666666666,0.8964787161205966,0.9347853203264015,0.768967205090553,0.7391091532060695,0.8248235281671432,0.8240830248629547,0.9908333333333333,0.9908333333333333,30,30
181,900,905,0.8169444444444444,0.8233333333333333,0.62,0.6175,0.9066401593349743,0.8900397861129847,0.759667156142927,0.7895252080274107,0.8222349749290193,0.8359914222468716,0.9891666666666666,0.9891666666666666,30,30
182,905,910,0.8208333333333333,0.8283333333333333,0.6258333333333334,0.615,0.8882264361002745,0.8870983916628662,0.7846304454233969,0.801762114537445,0.8309605258266318,0.8419198295508835,0.9858333333333333,0.9858333333333333,30,30
183,910,915,0.8141666666666666,0.8383333333333333,0.6158333333333333,0.6225,0.8991132462651601,0.8708424739623534,0.7606461086637298,0.8438570729319629,0.820874392784281,0.8561463115564164,0.9883333333333333,0.9883333333333333,30,30
184,915,920,0.8150000000000001,0.8383333333333333,0.6158333333333333,0.62,0.8982560417221602,0.8703282661545044,0.7630934899657366,0.8448360254527656,0.8221000334356594,0.8562927836460189,0.9925,0.9925,30,30
185,920,925,0.8213888888888888,0.8322222222222223,0.6275,0.6166666666666667,0.8874104289227187,0.8719536107125777,0.7865883504650024,0.8296622613803231,0.8318418266519533,0.8493499202625941,0.9841666666666666,0.9841666666666666,30,30
186,925,930,0.8158333333333334,0.8347222222222221,0.62,0.6208333333333333,0.897447617697777,0.8732487906123857,0.7655408712677435,0.8325991189427313,0.8231485932245802,0.8516282638552631,0.9891666666666666,0.9891666666666666,30,30
187,930,935,0.8197222222222221,0.8355555555555556,0.6191666666666666,0.62,0.893111617224109,0.87403888799592,0.7772883015173764,0.8330885952031326,0.8286894233076696,0.852313633786848,0.9941666666666666,0.9941666666666666,30,30
188,935,940,0.8233333333333334,0.833888888888889,0.6258333333333334,0.6191666666666666,0.8912417198181379,0.874101779929577,0.7865883504650025,0.8296622613803231,0.833273711253006,0.8504691820496332,0.9866666666666667,0.9866666666666667,30,30
189,940,945,0.8205555555555556,0.8338888888888888,0.6175,0.6241666666666666,0.8961455452700585,0.8741626950529772,0.7758198727361724,0.8296622613803231,0.8288636072088296,0.8505377583557957,0.99,0.99,30,30
190,945,950,0.8225000000000001,0.8327777777777778,0.6225,0.6208333333333333,0.8950491521204788,0.8743146496645698,0.780714635340186,0.8272148800783162,0.8313611933209767,0.8492827086186594,0.995,0.995,30,30
191,950,955,0.8241666666666667,0.836388888888889,0.6233333333333333,0.6208333333333333,0.88919766936155,0.8725019213334525,0.7900146842878121,0.8374938815467449,0.8345469777094601,0.8535007860344739,0.9941666666666666,0.9941666666666666,30,30
192,955,960,0.8225000000000001,0.8383333333333333,0.6208333333333333,0.625,0.8888411752942162,0.872685870122697,0.7870778267254038,0.8414096916299559,0.8328567887031205,0.8556119280084286,0.9941666666666666,0.9941666666666666,30,30
193,960,965,0.8233333333333333,0.8369444444444444,0.6275,0.6208333333333333,0.8873754590517596,0.8729747345722232,0.7905041605482134,0.8379833578071464,0.8340731344487987,0.8539817865154743,0.9866666666666667,0.9866666666666667,30,30
194,965,970,0.8191666666666665,0.8391666666666667,0.62,0.6283333333333333,0.8934450850813814,0.8731527351817183,0.7758198727361721,0.8423886441507588,0.8279488807488807,0.8564041718126078,0.9866666666666667,0.9866666666666667,30,30
195,970,975,0.8236111111111111,0.8516666666666666,0.6258333333333334,0.6216666666666667,0.887527657889167,0.9123839085666331,0.7909936368086147,0.8179148311306902,0.8343530820875548,0.8614651747666872,0.9858333333333333,0.9858333333333333,30,30
196,975,980,0.8225000000000001,0.8522222222222222,0.6241666666666666,0.6233333333333333,0.8865441648721145,0.9139732339618588,0.7900146842878121,0.8174253548702888,0.8334094849439043,0.8617568097602657,0.9908333333333333,0.9908333333333333,30,30
197,980,985,0.8219444444444445,0.8527777777777777,0.6216666666666667,0.6266666666666667,0.8936482871377561,0.9131403630785502,0.7812041116005873,0.8193832599118943,0.8311560142236041,0.8624710094727582,0.9866666666666667,0.9866666666666667,30,30
198,985,990,0.8258333333333333,0.8561111111111112,0.6258333333333334,0.6225,0.8869364366539507,0.9325957314947262,0.7963778756730298,0.8066568771414587,0.8369096800249597,0.8630746997508206,0.9883333333333333,0.9883333333333333,30,30
199,990,995,0.8249999999999998,0.8480555555555555,0.625,0.6258333333333334,0.8879102521128663,0.9385378211233643,0.7934410181106216,0.7846304454233971,0.835820702928785,0.8529821409962551,0.9958333333333333,0.9958333333333333,30,30
200,995,1000,0.8230555555555555,0.8411111111111111,0.6241666666666666,0.6275,0.8892355358546645,0.9359849063479859,0.7880567792462067,0.7738619676945668,0.8333528387921754,0.8459379537314288,0.9933333333333333,0.9933333333333333,22,24
